{
	"class_name" : "PinholeCameraParameters",
	"extrinsic" : 
	[
		-0.22168516467003016,
		-0.2597904891671286,
		0.93987477330946889,
		0.0,
		0.20675110433519578,
		-0.95446536700296003,
		-0.21505776909491506,
		0.0,
		0.95294788347600556,
		0.14664503036314894,
		0.26530278258697648,
		0.0,
		-0.92729419433954718,
		2.1483885686879796,
		0.76042805277657533,
		1.0
	],
	"intrinsic" : 
	{
		"height" : 1070,
		"intrinsic_matrix" : 
		[
			926.64718204934945,
			0.0,
			0.0,
			0.0,
			926.64718204934945,
			0.0,
			959.5,
			534.5,
			1.0
		],
		"width" : 1920
	},
	"version_major" : 1,
	"version_minor" : 0
}