{
	"class_name" : "PinholeCameraParameters",
	"extrinsic" : 
	[
		-0.89542663960176105,
		-0.44229378727142044,
		0.050865890659669816,
		0.0,
		0.40923918279303401,
		-0.86268199846448046,
		-0.29715830931040754,
		0.0,
		0.17531236225203209,
		-0.24526715080995581,
		0.95347239098737346,
		0.0,
		1.1617534379174419,
		2.8527592803168615,
		2.2072326668568811,
		1.0
	],
	"intrinsic" : 
	{
		"height" : 1070,
		"intrinsic_matrix" : 
		[
			926.64718204934945,
			0.0,
			0.0,
			0.0,
			926.64718204934945,
			0.0,
			959.5,
			534.5,
			1.0
		],
		"width" : 1920
	},
	"version_major" : 1,
	"version_minor" : 0
}